{
	"configuration" : 	{
		"default_parameters" : 		{
			"absolute_regularization" : 0.001,
			"covariance_mode" : 0,
			"gaussians" : 30,
			"relative_regularization" : 0.01
		}
,
		"multiClass_regression_estimator" : 0,
		"multithreading" : 2
	}
,
	"models" : [ 		{
			"components" : [ 				{
					"bimodal" : 0,
					"covariance" : [ 0.270200348210444, 0.141494079177905, 0.141494079177905, 1049.730771093697513 ],
					"covariance_determinant" : 283.617599302292547,
					"covariance_determinant_input" : 0,
					"covariance_mode" : 0,
					"dimension" : 2,
					"dimension_input" : 0,
					"inverse_covariance" : [ 3.701218731404769, -0.000498890335177, -0.000498890335177, 0.000952692459407 ],
					"inverse_covariance_input" : [  ],
					"mean" : [ 10.646695551564559, 421.59034681481495 ],
					"output_covariance" : [  ]
				}
, 				{
					"bimodal" : 0,
					"covariance" : [ 0.031796385363994, 0.000005520947497, 0.000005520947497, 233.738597284156896 ],
					"covariance_determinant" : 7.43204251365593,
					"covariance_determinant_input" : 0,
					"covariance_mode" : 0,
					"dimension" : 2,
					"dimension_input" : 0,
					"inverse_covariance" : [ 31.450115746065268, -0.000000742857362, -0.000000742857362, 0.004278283568154 ],
					"inverse_covariance_input" : [  ],
					"mean" : [ 7.000000216655376, 22.578199441111028 ],
					"output_covariance" : [  ]
				}
, 				{
					"bimodal" : 0,
					"covariance" : [ 2.009896372397993, 31.161730019869903, 31.161730019869903, 1193.975580238002067 ],
					"covariance_determinant" : 1428.71376962088766,
					"covariance_determinant_input" : 0,
					"covariance_mode" : 0,
					"dimension" : 2,
					"dimension_input" : 0,
					"inverse_covariance" : [ 0.835699638112136, -0.021811037789703, -0.021811037789703, 0.001406787290173 ],
					"inverse_covariance_input" : [  ],
					"mean" : [ 2.677084887593267, 496.41914955033991 ],
					"output_covariance" : [  ]
				}
, 				{
					"bimodal" : 0,
					"covariance" : [ 2.246918717924641, 91.314093397321102, 91.314093397321102, 7717.143631747909239 ],
					"covariance_determinant" : 9001.530822112636088,
					"covariance_determinant_input" : 0,
					"covariance_mode" : 0,
					"dimension" : 2,
					"dimension_input" : 0,
					"inverse_covariance" : [ 0.857314581736522, -0.010144284922405, -0.010144284922405, 0.000249615177943 ],
					"inverse_covariance_input" : [  ],
					"mean" : [ 7.956605251931642, 714.179571967863126 ],
					"output_covariance" : [  ]
				}
, 				{
					"bimodal" : 0,
					"covariance" : [ 1.090221597387237, 179.696901240496288, 179.696901240496288, 37107.633207505394239 ],
					"covariance_determinant" : 8164.566835309526141,
					"covariance_determinant_input" : 0,
					"covariance_mode" : 0,
					"dimension" : 2,
					"dimension_input" : 0,
					"inverse_covariance" : [ 4.544960431584074, -0.022009361288263, -0.022009361288263, 0.000133530855877 ],
					"inverse_covariance_input" : [  ],
					"mean" : [ 9.361748500696509, 477.441701216935201 ],
					"output_covariance" : [  ]
				}
, 				{
					"bimodal" : 0,
					"covariance" : [ 0.587160198638034, 72.991738342092432, 72.991738342092432, 16046.909155938043114 ],
					"covariance_determinant" : 4094.312501326588517,
					"covariance_determinant_input" : 0,
					"covariance_mode" : 0,
					"dimension" : 2,
					"dimension_input" : 0,
					"inverse_covariance" : [ 3.919317138283588, -0.017827593355036, -0.017827593355036, 0.000143408740405 ],
					"inverse_covariance_input" : [  ],
					"mean" : [ 0.664380734579285, 858.196534634665795 ],
					"output_covariance" : [  ]
				}
, 				{
					"bimodal" : 0,
					"covariance" : [ 1.255739221779925, -7.519503043506039, -7.519503043506039, 633.656228236038714 ],
					"covariance_determinant" : 739.164052899829471,
					"covariance_determinant_input" : 0,
					"covariance_mode" : 0,
					"dimension" : 2,
					"dimension_input" : 0,
					"inverse_covariance" : [ 0.857260611835937, 0.010172982592979, 0.010172982592979, 0.001698864030053 ],
					"inverse_covariance_input" : [  ],
					"mean" : [ 4.75203807973941, 915.953211538814799 ],
					"output_covariance" : [  ]
				}
, 				{
					"bimodal" : 0,
					"covariance" : [ 2.362027802231302, 197.761317620488029, 197.761317620488029, 33957.159833455189073 ],
					"covariance_determinant" : 41098.216864441659709,
					"covariance_determinant_input" : 0,
					"covariance_mode" : 0,
					"dimension" : 2,
					"dimension_input" : 0,
					"inverse_covariance" : [ 0.826244115297252, -0.004811919657556, -0.004811919657556, 0.0000574727563 ],
					"inverse_covariance_input" : [  ],
					"mean" : [ 1.998327162745304, 1459.115866461559108 ],
					"output_covariance" : [  ]
				}
, 				{
					"bimodal" : 0,
					"covariance" : [ 5.563527677379542, 170.808490802778664, 170.808490802778664, 6458.415262090952638 ],
					"covariance_determinant" : 6756.031532330542177,
					"covariance_determinant_input" : 0,
					"covariance_mode" : 0,
					"dimension" : 2,
					"dimension_input" : 0,
					"inverse_covariance" : [ 0.955948063768595, -0.025282370276898, -0.025282370276898, 0.000823490484133 ],
					"inverse_covariance_input" : [  ],
					"mean" : [ 6.3795824224224, 612.310586012591443 ],
					"output_covariance" : [  ]
				}
, 				{
					"bimodal" : 0,
					"covariance" : [ 2.637079589591098, 89.291406256825454, 89.291406256825454, 4295.201181005912076 ],
					"covariance_determinant" : 3353.832136296823137,
					"covariance_determinant_input" : 0,
					"covariance_mode" : 0,
					"dimension" : 2,
					"dimension_input" : 0,
					"inverse_covariance" : [ 1.280684603895684, -0.026623695709296, -0.026623695709296, 0.000786288485059 ],
					"inverse_covariance_input" : [  ],
					"mean" : [ 7.553569450185528, 640.418328232450222 ],
					"output_covariance" : [  ]
				}
, 				{
					"bimodal" : 0,
					"covariance" : [ 4.207485872204113, 55.128569125411019, 55.128569125411019, 847.029121008164452 ],
					"covariance_determinant" : 524.703926172098704,
					"covariance_determinant_input" : 0,
					"covariance_mode" : 0,
					"dimension" : 2,
					"dimension_input" : 0,
					"inverse_covariance" : [ 1.614299186185898, -0.1050660503488, -0.1050660503488, 0.008018780996931 ],
					"inverse_covariance_input" : [  ],
					"mean" : [ 8.234010689484874, 567.064905686625139 ],
					"output_covariance" : [  ]
				}
, 				{
					"bimodal" : 0,
					"covariance" : [ 0.604159108527816, 5.851962486180339, 5.851962486180339, 189.317946608939423 ],
					"covariance_determinant" : 80.132696911911438,
					"covariance_determinant_input" : 0,
					"covariance_mode" : 0,
					"dimension" : 2,
					"dimension_input" : 0,
					"inverse_covariance" : [ 2.362555534815626, -0.073028398040981, -0.073028398040981, 0.007539483030154 ],
					"inverse_covariance_input" : [  ],
					"mean" : [ 1.000272785950372, 228.441736841341537 ],
					"output_covariance" : [  ]
				}
, 				{
					"bimodal" : 0,
					"covariance" : [ 0.031796162128448, -0.0, -0.0, 3.28735731150225 ],
					"covariance_determinant" : 0.104525346050666,
					"covariance_determinant_input" : 0,
					"covariance_mode" : 0,
					"dimension" : 2,
					"dimension_input" : 0,
					"inverse_covariance" : [ 31.450336551947746, 0.0, 0.0, 0.304195712617264 ],
					"inverse_covariance_input" : [  ],
					"mean" : [ 7.000000000000001, 0.038890228006652 ],
					"output_covariance" : [  ]
				}
, 				{
					"bimodal" : 0,
					"covariance" : [ 1.075926055386349, -0.195404537461088, -0.195404537461088, 171.144499184308415 ],
					"covariance_determinant" : 184.100642975184769,
					"covariance_determinant_input" : 0,
					"covariance_mode" : 0,
					"dimension" : 2,
					"dimension_input" : 0,
					"inverse_covariance" : [ 0.929624668434087, 0.001061400624698, 0.001061400624698, 0.005844227581168 ],
					"inverse_covariance_input" : [  ],
					"mean" : [ 6.32854169168058, 156.845668165203364 ],
					"output_covariance" : [  ]
				}
, 				{
					"bimodal" : 0,